region_name,id,latitude,longitude,httpColumbia Heights,121697,38.928257,-77.029264,http://www.zillow.com/local-info/DC-Washington/Columbia-Heights/r_121697/Capitol Hill,121685,38.887156,-76.998955,http://www.zillow.com/local-info/DC-Washington/Capitol-Hill/r_121685/Petworth,121774,38.946405,-77.018236,http://www.zillow.com/local-info/DC-Washington/Petworth/r_121774/Adams Morgan,121668,38.92119,-77.043406,http://www.zillow.com/local-info/DC-Washington/Adams-Morgan/r_121668/Washington Highlands,121806,38.83075,-76.990587,http://www.zillow.com/local-info/DC-Washington/Washington-Highlands/r_121806/Logan Circle,121754,38.908555,-77.030269,http://www.zillow.com/local-info/DC-Washington/Logan-Circle/r_121754/Dupont Circle,121704,38.911105,-77.042614,http://www.zillow.com/local-info/DC-Washington/Dupont-Circle/r_121704/Sixteenth Street Heights,403481,38.949073,-77.031554,http://www.zillow.com/local-info/DC-Washington/Sixteenth-Street-Heights/r_403481/Georgetown,121729,38.908753,-77.064209,http://www.zillow.com/local-info/DC-Washington/Georgetown/r_121729/Foggy Bottom,121716,38.898292,-77.048467,http://www.zillow.com/local-info/DC-Washington/Foggy-Bottom/r_121716/Chevy Chase,121689,38.962204,-77.062898,http://www.zillow.com/local-info/DC-Washington/Chevy-Chase/r_121689/Mount Pleasant,121762,38.930723,-77.042795,http://www.zillow.com/local-info/DC-Washington/Mount-Pleasant/r_121762/Kingman Park,121745,38.89223,-76.972977,http://www.zillow.com/local-info/DC-Washington/Kingman-Park/r_121745/Shaw,121785,38.914115,-77.02598,http://www.zillow.com/local-info/DC-Washington/Shaw/r_121785/American University Park,272818,38.94611,-77.088086,http://www.zillow.com/local-info/DC-Washington/American-University-Park/r_272818/Brightwood,121679,38.964153,-77.036887,http://www.zillow.com/local-info/DC-Washington/Brightwood/r_121679/Shipley Terrace,121788,38.844437,-76.979858,http://www.zillow.com/local-info/DC-Washington/Shipley-Terrace/r_121788/Cleveland Park,121693,38.93618,-77.062132,http://www.zillow.com/local-info/DC-Washington/Cleveland-Park/r_121693/Near Northeast,403487,38.902906,-76.993539,http://www.zillow.com/local-info/DC-Washington/Near-Northeast/r_403487/Manor Park,121755,38.96355,-77.01849,http://www.zillow.com/local-info/DC-Washington/Manor-Park/r_121755/Southwest Waterfront,275465,38.871868,-77.018156,http://www.zillow.com/local-info/DC-Washington/Southwest-Waterfront/r_275465/Riggs Park,121779,38.962306,-77.00026,http://www.zillow.com/local-info/DC-Washington/Riggs-Park/r_121779/Catholic University,273159,38.934739,-77.003816,http://www.zillow.com/local-info/DC-Washington/Catholic-University/r_273159/Glover Park,121731,38.921642,-77.077277,http://www.zillow.com/local-info/DC-Washington/Glover-Park/r_121731/Brookland,121681,38.931813,-76.983824,http://www.zillow.com/local-info/DC-Washington/Brookland/r_121681/Buena Vista,121682,38.861222,-76.989666,http://www.zillow.com/local-info/DC-Washington/Buena-Vista/r_121682/Mount Vernon Square,121763,38.903028,-77.018101,http://www.zillow.com/local-info/DC-Washington/Mount-Vernon-Square/r_121763/Forest Hills,121717,38.949073,-77.058198,http://www.zillow.com/local-info/DC-Washington/Forest-Hills/r_121717/Randle Highlands,121777,38.868327,-76.972096,http://www.zillow.com/local-info/DC-Washington/Randle-Highlands/r_121777/Benning Ridge,403493,38.881315,-76.938332,http://www.zillow.com/local-info/DC-Washington/Benning-Ridge/r_403493/Congress Heights,121698,38.841644,-77.000494,http://www.zillow.com/local-info/DC-Washington/Congress-Heights/r_121698/Trinidad,121799,38.905285,-76.985913,http://www.zillow.com/local-info/DC-Washington/Trinidad/r_121799/Edgewood,121710,38.921687,-77.001773,http://www.zillow.com/local-info/DC-Washington/Edgewood/r_121710/Bellevue,121674,38.820861,-77.014893,http://www.zillow.com/local-info/DC-Washington/Bellevue/r_121674/Spring Valley,121791,38.940627,-77.096243,http://www.zillow.com/local-info/DC-Washington/Spring-Valley/r_121791/Deanwood,121702,38.905273,-76.933644,http://www.zillow.com/local-info/DC-Washington/Deanwood/r_121702/Woodley Park,121815,38.928581,-77.057572,http://www.zillow.com/local-info/DC-Washington/Woodley-Park/r_121815/Bloomingdale,121677,38.91656,-77.012884,http://www.zillow.com/local-info/DC-Washington/Bloomingdale/r_121677/Marshall Heights,121756,38.885181,-76.928021,http://www.zillow.com/local-info/DC-Washington/Marshall-Heights/r_121756/Fort Dupont,121719,38.885313,-76.947812,http://www.zillow.com/local-info/DC-Washington/Fort-Dupont/r_121719/Barney Circle,403486,38.881925,-76.975998,http://www.zillow.com/local-info/DC-Washington/Barney-Circle/r_403486/Park View,121771,38.932221,-77.021089,http://www.zillow.com/local-info/DC-Washington/Park-View/r_121771/Brentwood,268803,38.917262,-76.989818,http://www.zillow.com/local-info/DC-Washington/Brentwood/r_268803/Anacostia,121670,38.86322,-76.984858,http://www.zillow.com/local-info/DC-Washington/Anacostia/r_121670/Eckington,121709,38.91501,-77.00257,http://www.zillow.com/local-info/DC-Washington/Eckington/r_121709/Wesley Heights,121807,38.931197,-77.087213,http://www.zillow.com/local-info/DC-Washington/Wesley-Heights/r_121807/Woodridge,121816,38.935758,-76.970517,http://www.zillow.com/local-info/DC-Washington/Woodridge/r_121816/Cathedral Heights,121687,38.92905,-77.077094,http://www.zillow.com/local-info/DC-Washington/Cathedral-Heights/r_121687/Downtown,273489,38.899577,-77.032785,http://www.zillow.com/local-info/DC-Washington/Downtown/r_273489/U Street Corridor,275794,38.91889,-77.031758,http://www.zillow.com/local-info/DC-Washington/U-Street-Corridor/r_275794/Michigan Park,121761,38.946442,-76.992469,http://www.zillow.com/local-info/DC-Washington/Michigan-Park/r_121761/Navy Yard,403116,38.875538,-76.99635,http://www.zillow.com/local-info/DC-Washington/Navy-Yard/r_403116/Langston,403482,38.903459,-76.970381,http://www.zillow.com/local-info/DC-Washington/Langston/r_403482/Greenway,121733,38.881545,-76.964883,http://www.zillow.com/local-info/DC-Washington/Greenway/r_121733/Takoma,268831,38.978396,-77.019889,http://www.zillow.com/local-info/DC-Washington/Takoma/r_268831/West End,121808,38.905841,-77.052431,http://www.zillow.com/local-info/DC-Washington/West-End/r_121808/Mayfair,403134,38.903255,-76.952735,http://www.zillow.com/local-info/DC-Washington/Mayfair/r_403134/North Michigan Park,121767,38.947712,-76.987054,http://www.zillow.com/local-info/DC-Washington/North-Michigan-Park/r_121767/Lincoln Heights,121751,38.89406,-76.924904,http://www.zillow.com/local-info/DC-Washington/Lincoln-Heights/r_121751/Wakefield,268832,38.951937,-77.07147,http://www.zillow.com/local-info/DC-Washington/Wakefield/r_268832/Garfield Heights,121727,38.853975,-76.967447,http://www.zillow.com/local-info/DC-Washington/Garfield-Heights/r_121727/River Terrace,121780,38.89337,-76.955708,http://www.zillow.com/local-info/DC-Washington/River-Terrace/r_121780/Carver,403507,38.90366,-76.976477,http://www.zillow.com/local-info/DC-Washington/Carver/r_403507/Douglas,403501,38.849881,-76.981764,http://www.zillow.com/local-info/DC-Washington/Douglas/r_403501/Fort Totten,273767,38.948277,-77.003277,http://www.zillow.com/local-info/DC-Washington/Fort-Totten/r_273767/Shepherd Park,121786,38.982084,-77.03134,http://www.zillow.com/local-info/DC-Washington/Shepherd-Park/r_121786/Southwest Federal Center,403489,38.884579,-77.020798,http://www.zillow.com/local-info/DC-Washington/Southwest-Federal-Center/r_403489/Truxton Circle,121800,38.910462,-77.011293,http://www.zillow.com/local-info/DC-Washington/Truxton-Circle/r_121800/Brightwood Park,121680,38.958555,-77.021391,http://www.zillow.com/local-info/DC-Washington/Brightwood-Park/r_121680/Fort Lincoln,268811,38.924192,-76.95365,http://www.zillow.com/local-info/DC-Washington/Fort-Lincoln/r_268811/East Corner,403496,38.894093,-76.91615,http://www.zillow.com/local-info/DC-Washington/East-Corner/r_403496/NoMa,403490,38.901884,-77.007827,http://www.zillow.com/local-info/DC-Washington/NoMa/r_403490/Fairlawn,121714,38.871372,-76.980922,http://www.zillow.com/local-info/DC-Washington/Fairlawn/r_121714/Hillbrook,403497,38.896229,-76.932408,http://www.zillow.com/local-info/DC-Washington/Hillbrook/r_403497/Skyland,403499,38.860788,-76.971719,http://www.zillow.com/local-info/DC-Washington/Skyland/r_403499/Langdon,121748,38.922671,-76.975399,http://www.zillow.com/local-info/DC-Washington/Langdon/r_121748/Burleith,121683,38.915545,-77.077037,http://www.zillow.com/local-info/DC-Washington/Burleith/r_121683/Fort Davis,121718,38.868878,-76.943995,http://www.zillow.com/local-info/DC-Washington/Fort-Davis/r_121718/Crestwood,121701,38.946057,-77.042983,http://www.zillow.com/local-info/DC-Washington/Crestwood/r_121701/Kalorama,268815,38.916396,-77.052056,http://www.zillow.com/local-info/DC-Washington/Kalorama/r_268815/Ledroit Park,121750,38.916935,-77.018105,http://www.zillow.com/local-info/DC-Washington/Ledroit-Park/r_121750/Colonial Village,121695,38.98379,-77.043458,http://www.zillow.com/local-info/DC-Washington/Colonial-Village/r_121695/Judiciary Square,121740,38.896156,-77.017092,http://www.zillow.com/local-info/DC-Washington/Judiciary-Square/r_121740/Pleasant Plains,403480,38.92369,-77.017922,http://www.zillow.com/local-info/DC-Washington/Pleasant-Plains/r_403480/Dupont Park,121705,38.87498,-76.949448,http://www.zillow.com/local-info/DC-Washington/Dupont-Park/r_121705/Saint Elizabeths,403505,38.851998,-76.995328,http://www.zillow.com/local-info/DC-Washington/Saint-Elizabeths/r_403505/Kent,121744,38.928841,-77.102404,http://www.zillow.com/local-info/DC-Washington/Kent/r_121744/Woodlands,403503,38.857173,-76.973784,http://www.zillow.com/local-info/DC-Washington/Woodlands/r_403503/Barnaby Woods,121672,38.975131,-77.05778,http://www.zillow.com/local-info/DC-Washington/Barnaby-Woods/r_121672/North Cleveland Park,121765,38.944174,-77.070235,http://www.zillow.com/local-info/DC-Washington/North-Cleveland-Park/r_121765/Ivy City,121739,38.912264,-76.983706,http://www.zillow.com/local-info/DC-Washington/Ivy-City/r_121739/Berkley,268801,38.919049,-77.091497,http://www.zillow.com/local-info/DC-Washington/Berkley/r_268801/Benning,121675,38.892429,-76.945276,http://www.zillow.com/local-info/DC-Washington/Benning/r_121675/Naylor Gardens,121764,38.856941,-76.963199,http://www.zillow.com/local-info/DC-Washington/Naylor-Gardens/r_121764/Anacostia Naval Station - Boiling Air Force Base,403139,38.841242,-77.025513,http://www.zillow.com/local-info/DC-Washington/Anacostia-Naval-Station----Boiling-Air-Force-Base/r_403139/Benning Heights,121676,38.891808,-76.93522,http://www.zillow.com/local-info/DC-Washington/Benning-Heights/r_121676/Sursum Corda Cooperative,403491,38.904914,-77.010625,http://www.zillow.com/local-info/DC-Washington/Sursum-Corda-Cooperative/r_403491/Mahaning Heights,403498,38.897671,-76.945561,http://www.zillow.com/local-info/DC-Washington/Mahaning-Heights/r_403498/Potomac Heights,121776,38.935513,-77.110272,http://www.zillow.com/local-info/DC-Washington/Potomac-Heights/r_121776/Capitol View,121686,38.88775,-76.922676,http://www.zillow.com/local-info/DC-Washington/Capitol-View/r_121686/Gallaudet,403485,38.908564,-76.995645,http://www.zillow.com/local-info/DC-Washington/Gallaudet/r_403485/Twining,121801,38.87359,-76.965617,http://www.zillow.com/local-info/DC-Washington/Twining/r_121801/Friendship Heights,121726,38.959816,-77.079214,http://www.zillow.com/local-info/DC-Washington/Friendship-Heights/r_121726/McLean Gardens,121759,38.935591,-77.076333,http://www.zillow.com/local-info/DC-Washington/McLean-Gardens/r_121759/Civic Betterment,403495,38.878874,-76.928481,http://www.zillow.com/local-info/DC-Washington/Civic-Betterment/r_403495/Swampoodle,403492,38.895782,-77.010958,http://www.zillow.com/local-info/DC-Washington/Swampoodle/r_403492/Barry Farm,403500,38.859171,-76.998815,http://www.zillow.com/local-info/DC-Washington/Barry-Farm/r_403500/The Palisades,121797,38.914822,-77.093796,http://www.zillow.com/local-info/DC-Washington/The-Palisades/r_121797/Woodland-Normanstone Terrace,403479,38.924347,-77.057692,http://www.zillow.com/local-info/DC-Washington/Woodland--Normanstone-Terrace/r_403479/Penn Quarter,403488,38.895595,-77.024804,http://www.zillow.com/local-info/DC-Washington/Penn-Quarter/r_403488/Stronghold,403484,38.929787,-76.997308,http://www.zillow.com/local-info/DC-Washington/Stronghold/r_403484/Pleasant Hill,403483,38.943522,-77.003774,http://www.zillow.com/local-info/DC-Washington/Pleasant-Hill/r_403483/Fairfax Village,121713,38.863456,-76.951722,http://www.zillow.com/local-info/DC-Washington/Fairfax-Village/r_121713/Eastland Gardens,121708,38.908536,-76.94555,http://www.zillow.com/local-info/DC-Washington/Eastland-Gardens/r_121708/Good Hope,121732,38.86297,-76.9649,http://www.zillow.com/local-info/DC-Washington/Good-Hope/r_121732/Burrville,403494,38.901162,-76.92106,http://www.zillow.com/local-info/DC-Washington/Burrville/r_403494/Knox Hill,403502,38.85317,-76.97345,http://www.zillow.com/local-info/DC-Washington/Knox-Hill/r_403502/Kenilworth,121743,38.913399,-76.94129,http://www.zillow.com/local-info/DC-Washington/Kenilworth/r_121743/National Arboretum,268819,38.91197,-76.96093,http://www.zillow.com/local-info/DC-Washington/National-Arboretum/r_268819/Observatory Circle,268821,38.923081,-77.064272,http://www.zillow.com/local-info/DC-Washington/Observatory-Circle/r_268821/Chinatown,121692,38.90022,-77.02148,http://www.zillow.com/local-info/DC-Washington/Chinatown/r_121692/Hawthorne,121735,38.981824,-77.054207,http://www.zillow.com/local-info/DC-Washington/Hawthorne/r_121735/Gateway,121728,38.920948,-76.963716,http://www.zillow.com/local-info/DC-Washington/Gateway/r_121728/Penn Branch,121772,38.86563,-76.955864,http://www.zillow.com/local-info/DC-Washington/Penn-Branch/r_121772/Hillcrest,121736,38.858885,-76.954413,http://www.zillow.com/local-info/DC-Washington/Hillcrest/r_121736/Foxhall,121724,38.909295,-77.081842,http://www.zillow.com/local-info/DC-Washington/Foxhall/r_121724/Theodore Roosevelt Island,403135,38.895056,-77.063242,http://www.zillow.com/local-info/DC-Washington/Theodore-Roosevelt-Island/r_403135/Tenleytown,121794,38.950493,-77.077409,http://www.zillow.com/local-info/DC-Washington/Tenleytown/r_121794/Massachusetts Heights,403478,38.928065,-77.069754,http://www.zillow.com/local-info/DC-Washington/Massachusetts-Heights/r_403478/Blue Plains Treatment Plant,403504,38.814446,-77.027611,http://www.zillow.com/local-info/DC-Washington/Blue-Plains-Treatment-Plant/r_403504/Colony Hill,121696,38.913748,-77.084118,http://www.zillow.com/local-info/DC-Washington/Colony-Hill/r_121696/Arboretum,403506,38.914922,-76.97301,http://www.zillow.com/local-info/DC-Washington/Arboretum/r_403506/National Mall - West Potomac Park,403137,38.886477,-77.034556,http://www.zillow.com/local-info/DC-Washington/National-Mall----West-Potomac-Park/r_403137/East Potomac Park,403115,38.865306,-77.033565,http://www.zillow.com/local-info/DC-Washington/East-Potomac-Park/r_403115/Lady Bird Johnson Park,403138,38.880628,-77.054984,http://www.zillow.com/local-info/DC-Washington/Lady-Bird-Johnson-Park/r_403138/